<?xml version="1.0" encoding="utf-8"?>
<!-- $Revision: 1.11.4.18 $  $Date: 2008/05/12 21:35:34 $ -->
<demos>
   <name>Signal Processing</name>
   <type>toolbox</type>
   <icon>$toolbox/matlab/icons/matlabicon.gif</icon>
   <description isCdata="no">
    <p>Signal Processing Toolbox&#8482; is a collection of industry-standard
    algorithms for analog and digital signal processing (DSP). Signal Processing
    Toolbox software also provides graphical user interfaces for interactive 
    design and analysis and command-line functions for advanced algorithm
    development.</p>
    </description>
  
<demosection>
      <label>Tutorial Demos</label>
       <demoitem>
         <label>Getting Started with Discrete-Time Filter (DFILT) Objects</label>
         <type>M-file</type>
         <source>dfiltdemo</source>
      </demoitem>
       <demoitem>
         <label>Introduction to the Filter Design and Analysis Tool (FDATool)</label>
         <type>M-file</type>
         <source>introfdatooldemo</source>
      </demoitem>
       <demoitem>
         <label>Getting Started with Spectral Analysis Objects</label>
         <type>M-file</type>
         <source>spectralanalysisobjsdemo</source>
      </demoitem>
   </demosection>
   
   <demosection>
      <label>Application Demos</label>
      <demoitem>
         <label>Analysis of Fixed-Point Numerically Controlled Oscillator</label>
         <type>M-file</type>
         <source>ddcncoanalysisdemo</source>
      </demoitem>
      <demoitem>
         <label>Dual-Tone Multi-Frequency (DTMF) Signal Detection</label>
         <type>M-file</type>
         <source>dtmfdemo</source> 
      </demoitem>
      <demoitem>
         <label>Single Sideband Modulation via the Hilbert Transform</label>
         <type>M-file</type>
         <source>hilberttransformdemo</source>
      </demoitem>
   </demosection>

   <demosection>
      <label>Filter Design and Analysis</label>
      <demoitem>
         <label>Filter Analysis using FVTool and its Application Program Interface (API)</label>
         <type>M-file</type>
         <source>fvtooldemo</source>
      </demoitem>
      <demoitem>
         <label>Interactive Analysis of Second-Order Sections Filters</label>
         <type>M-GUI</type>
         <source>sosdemo</source>
      </demoitem>
      <demoitem>
         <label>FIR Gaussian Pulse-shaping Filter Design</label>
         <type>M-file</type>
         <source>gaussfirdesigndemo</source>
      </demoitem>
   </demosection>

   <demosection>
      <label>Data Filtering</label>
      <demoitem>
         <label>Advanced Filtering with Discrete-Time Filter (DFILT) Objects</label>
         <type>M-file</type>
         <source>dfiltfilteringdemo</source>
      </demoitem>
      <demoitem>
         <label>Generating Guitar Chords using the Karplus-Strong Algorithm</label>
         <type>M-file</type>
         <source>filterguitardemo</source>
      </demoitem>
      <demoitem>
         <label>Interactive Discrete-Time Filter Guitar</label>
         <type>M-GUI</type>
         <source>filterguitar</source>
      </demoitem>
      <demoitem>
         <label>Denoising ECG Signals with Savitzky-Golay Filters</label>
         <type>M-GUI</type>
         <source>sgolaydemo</source>
      </demoitem>
   </demosection>

   <demosection>
      <label>Spectral Analysis and Statistical Signal Processing</label>
      <demoitem>
         <label>Measuring the Power of Deterministic Periodic Signals</label>
         <type>M-file</type>
         <source>deterministicsignalpower</source>
      </demoitem>
      <demoitem>
         <label>Power Spectral Density Interactive Tool</label>
         <type>M-GUI</type>
         <source>psddemo</source>
      </demoitem>
      <demoitem>
         <label>Spectrogram Interactive Tool</label>
         <type>M-GUI</type>
         <source>specgramdemo</source>
      </demoitem>
      <demoitem>
         <label>Linear Prediction and Autoregressive Modeling</label>
         <type>M-file</type>
         <source>lpcardemo</source>
      </demoitem>
   </demosection>

   <demosection>
      <label>Transforms</label>
      <demoitem>
         <label>Chirp-z Transform</label>
         <type>M-GUI</type>
         <source>cztdemo</source>
      </demoitem>
      <demoitem>
         <label>Discrete Fourier Transform</label>
         <type>M-GUI</type>
         <source>sigdemo1</source>
      </demoitem>
      <demoitem>
         <label>Discrete Walsh-Hadamard Transform</label>
         <type>M-file</type>
         <source>walshhadamarddemo</source>
      </demoitem>
   </demosection>

   <demosection>
      <label>Miscellaneous</label>
      <demoitem>
         <label>Waveform Generation</label>
         <type>M-file</type>
         <source>waveformdemo</source> 
     </demoitem>
      <demoitem>
         <label>Modulation/Demodulation</label>
         <type>M-GUI</type>
         <source>moddemo</source>
      </demoitem>
      <demoitem>
         <label>Vector Transition Processing using Windows</label>
         <type>M-GUI</type>
         <source>windtrandemo</source>
      </demoitem>
   </demosection>
</demos>
